,Fecha_Alta,Tipo,Operación,Provincia,Superficie,Precio Venta,Fecha Venta,Vendedor
12,2004-01-04,Parking,Venta,Barcelona,,2937300.0,2004-11-04,Jesús
17,2004-01-06,Suelo,Venta,Barcelona,283.0,1679605.0,2004-06-06,Carmen
19,2004-01-08,Oficina,Alquiler,Barcelona,148.0,1169496.0,2004-08-19,María
20,2004-01-09,Industrial,Venta,Barcelona,228.0,2020992.0,2004-06-12,Carmen
24,2004-01-10,Oficina,Alquiler,Barcelona,124.0,1170684.0,2004-05-23,Jesús
27,2004-01-12,Casa,Alquiler,Barcelona,187.0,1660560.0,2004-06-16,Joaquín
30,2004-01-13,Industrial,Alquiler,Barcelona,142.0,1405374.0,2004-09-24,Jesús
32,2004-01-15,Local,Alquiler,Barcelona,181.0,1504110.0,2004-07-03,María
33,2004-01-15,Casa,Venta,Barcelona,281.0,2483197.0,2004-11-01,María
40,2004-01-18,Piso,Venta,Barcelona,230.0,1421860.0,2004-09-23,Jesús
44,2004-01-20,Oficina,Alquiler,Barcelona,287.0,2851058.0,2005-01-02,Joaquín
46,2004-01-20,Piso,Alquiler,Barcelona,53.0,249418.0,2004-08-11,Luisa
47,2004-01-20,Industrial,Venta,Barcelona,284.0,1457488.0,2004-07-06,Jesús
53,2004-01-22,Suelo,Alquiler,Barcelona,71.0,686996.0,2004-05-30,Luisa
62,2004-01-25,Piso,Venta,Barcelona,144.0,738144.0,2004-09-06,Luisa
66,2004-01-27,Industrial,Alquiler,Barcelona,219.0,948927.0,2004-10-15,Jesús
67,2004-01-27,Local,Alquiler,Barcelona,68.0,376992.0,2004-06-28,Luisa
72,2004-01-28,Parking,Alquiler,Barcelona,62.0,320044.0,2004-09-04,Joaquín
78,2004-01-31,Parking,Venta,Barcelona,298.0,2520484.0,2004-11-27,Carmen
79,2004-01-31,Parking,Alquiler,Barcelona,217.0,1339107.0,2004-10-05,Carmen
80,2004-02-01,Industrial,Alquiler,Barcelona,236.0,1812244.0,2004-11-17,Pedro
83,2004-02-02,Piso,Venta,Barcelona,94.0,470940.0,2004-07-28,Carmen
84,2004-02-02,Local,Alquiler,Barcelona,127.0,925322.0,2004-06-03,Joaquín
86,2004-02-03,Industrial,Alquiler,Barcelona,93.0,778875.0,2004-05-12,Luisa
88,2004-02-04,Local,Alquiler,Barcelona,49.0,219716.0,2004-09-27,Jesús
90,2004-02-04,Industrial,Alquiler,Barcelona,123.0,723609.0,2004-12-16,Joaquín
91,2004-02-05,Piso,Alquiler,Barcelona,48.0,388032.0,2004-05-06,Jesús
93,2004-02-06,Industrial,Alquiler,Barcelona,177.0,965358.0,2004-06-08,Luisa
94,2004-02-06,Local,Venta,Barcelona,68.0,663816.0,2004-05-23,Joaquín
101,2004-02-08,Local,Venta,Barcelona,45.0,438435.0,2004-05-23,Luisa
108,2004-02-12,Suelo,Alquiler,Barcelona,300.0,1528200.0,2004-08-09,Pedro
109,2004-02-12,Parking,Venta,Barcelona,206.0,1587642.0,2004-12-20,Luisa
112,2004-02-13,Suelo,Alquiler,Barcelona,89.0,887241.0,2005-01-02,Luisa
120,2004-02-17,Parking,Venta,Barcelona,152.0,688864.0,2004-12-06,Jesús
121,2004-02-17,Casa,Alquiler,Barcelona,270.0,1385910.0,2005-02-05,Pedro
126,2004-02-20,Industrial,Venta,Barcelona,139.0,1087119.0,2004-05-29,Jesús
136,2004-02-23,Casa,Venta,Barcelona,119.0,686154.0,2005-01-19,Pedro
139,2004-02-26,Piso,Venta,Barcelona,222.0,1076034.0,2004-06-02,María
140,2004-02-27,Suelo,Venta,Barcelona,47.0,455477.0,2004-12-31,Joaquín
143,2004-02-28,Parking,Alquiler,Barcelona,121.0,782870.0,2004-11-19,Pedro
146,2004-02-28,Parking,Alquiler,Barcelona,76.0,734388.0,2004-05-28,Joaquín
147,2004-02-28,Local,Venta,Barcelona,109.0,779241.0,2004-05-30,María
168,2004-03-07,Industrial,Alquiler,Barcelona,286.0,2080078.0,2004-07-14,Jesús
174,2004-03-10,Local,Venta,Barcelona,52.0,416936.0,2004-08-25,Carmen
178,2004-03-12,Industrial,Venta,Barcelona,156.0,848328.0,2005-02-27,Jesús
184,2004-03-15,Industrial,Venta,Barcelona,265.0,2109930.0,2004-08-27,María
186,2004-03-16,Local,Alquiler,Barcelona,95.0,919030.0,2004-12-10,María
195,2004-03-20,Piso,Alquiler,Barcelona,281.0,1336717.0,2004-11-10,Carmen
203,2004-03-23,Local,Alquiler,Barcelona,106.0,692180.0,2004-11-09,Luisa
210,2004-03-25,Parking,Alquiler,Barcelona,269.0,2134246.0,2004-08-11,Carmen
211,2004-03-25,Casa,Alquiler,Barcelona,63.0,492156.0,2004-10-25,Carmen
220,2004-03-30,Casa,Alquiler,Barcelona,56.0,474600.0,2004-08-27,Pedro
224,2004-04-01,Parking,Alquiler,Barcelona,152.0,1069320.0,2004-12-15,Jesús
230,2004-04-03,Local,Alquiler,Barcelona,143.0,665951.0,2005-02-18,Pedro
237,2004-04-05,Casa,Alquiler,Barcelona,170.0,995520.0,2005-02-01,Jesús
239,2004-04-06,Parking,Venta,Barcelona,164.0,1298716.0,2004-12-03,Luisa
241,2004-04-07,Suelo,Venta,Barcelona,69.0,656535.0,2004-08-16,Jesús
244,2004-04-08,Casa,Venta,Barcelona,239.0,1176597.0,2004-07-07,Joaquín
246,2004-04-09,Industrial,Alquiler,Barcelona,159.0,1582527.0,2004-12-09,Jesús
254,2004-04-10,Local,Alquiler,Barcelona,49.0,424536.0,2005-03-04,Pedro
257,2004-04-11,Suelo,Alquiler,Barcelona,242.0,1099648.0,2005-02-13,María
261,2004-04-12,Casa,Alquiler,Barcelona,181.0,1449629.0,2004-09-14,Luisa
262,2004-04-13,Oficina,Alquiler,Barcelona,244.0,1006988.0,2004-08-06,María
264,2004-04-14,Parking,Venta,Barcelona,105.0,927255.0,2004-11-21,Luisa
276,2004-04-17,Parking,Venta,Barcelona,209.0,2038586.0,2005-01-06,Jesús
279,2004-04-18,Oficina,Venta,Barcelona,154.0,881804.0,2004-08-25,Pedro
285,2004-04-19,Industrial,Venta,Barcelona,65.0,523770.0,2005-01-24,Jesús
286,2004-04-19,Industrial,Alquiler,Barcelona,225.0,1360800.0,2004-07-22,Jesús
291,2004-04-21,Parking,Venta,Barcelona,54.0,258444.0,2005-03-08,Pedro
295,2004-04-22,Parking,Alquiler,Barcelona,235.0,1773780.0,2005-03-28,Pedro
297,2004-04-23,Industrial,Venta,Barcelona,106.0,600596.0,2004-11-23,Luisa
303,2004-04-26,Casa,Alquiler,Barcelona,298.0,2612566.0,2005-02-16,Pedro
307,2004-04-28,Suelo,Alquiler,Barcelona,228.0,1521216.0,2005-03-16,Carmen
312,2004-04-30,Local,Alquiler,Barcelona,91.0,391391.0,2005-02-13,Luisa
314,2004-05-01,Casa,Alquiler,Barcelona,251.0,2439971.0,2005-02-14,Joaquín
315,2004-05-02,Industrial,Alquiler,Barcelona,261.0,2571111.0,2005-02-07,Carmen
316,2004-05-02,Parking,Alquiler,Barcelona,251.0,1754992.0,2004-08-26,Jesús
321,2004-05-03,Suelo,Venta,Barcelona,42.0,255906.0,2004-11-09,María
322,2004-05-03,Parking,Venta,Barcelona,237.0,1592166.0,2004-10-15,María
323,2004-05-04,Suelo,Alquiler,Barcelona,155.0,876060.0,2004-12-31,Carmen
325,2004-05-04,Industrial,Alquiler,Barcelona,179.0,1227224.0,2004-10-08,Luisa
327,2004-05-04,Suelo,Venta,Barcelona,273.0,1369368.0,2005-04-17,Jesús
330,2004-05-05,Parking,Alquiler,Barcelona,205.0,990355.0,2004-12-08,Luisa
332,2004-05-06,Piso,Venta,Barcelona,110.0,803000.0,2004-08-25,Jesús
337,2004-05-08,Oficina,Alquiler,Barcelona,41.0,361661.0,2005-01-28,Carmen
342,2004-05-10,Parking,Venta,Barcelona,175.0,1178100.0,2004-11-12,Luisa
343,2004-05-10,Casa,Venta,Barcelona,146.0,1083466.0,2004-09-19,Jesús
346,2004-05-11,Industrial,Venta,Barcelona,173.0,851852.0,2004-09-18,Carmen
357,2004-05-15,Piso,Venta,Barcelona,131.0,1180048.0,2004-11-04,Joaquín
359,2004-05-16,Local,Venta,Barcelona,156.0,896220.0,2005-03-19,Luisa
368,2004-05-19,Casa,Alquiler,Barcelona,149.0,1238339.0,2004-12-27,Luisa
370,2004-05-20,Oficina,Venta,Barcelona,230.0,1109980.0,2004-12-08,Luisa
372,2004-05-21,Suelo,Alquiler,Barcelona,131.0,822811.0,2005-05-21,Pedro
376,2004-05-24,Oficina,Alquiler,Barcelona,105.0,525210.0,2005-04-16,Pedro
383,2004-05-26,Parking,Venta,Barcelona,200.0,1823400.0,2004-10-20,Joaquín
384,2004-05-26,Parking,Venta,Barcelona,197.0,1746405.0,2005-03-20,Luisa
386,2004-05-27,Oficina,Venta,Barcelona,119.0,486472.0,2004-09-04,Joaquín
391,2004-05-30,Piso,Alquiler,Barcelona,202.0,1560450.0,2005-02-06,Jesús
393,2004-05-31,Local,Alquiler,Barcelona,203.0,946792.0,2005-04-17,María
396,2004-06-01,Parking,Venta,Barcelona,177.0,933321.0,2005-05-10,Joaquín
400,2004-06-02,Piso,Alquiler,Barcelona,271.0,2682900.0,2005-06-02,Pedro
405,2004-06-03,Oficina,Venta,Barcelona,207.0,1883700.0,2005-02-23,Carmen
406,2004-06-03,Industrial,Venta,Barcelona,162.0,1383480.0,2004-12-16,María
407,2004-06-04,Industrial,Alquiler,Barcelona,74.0,729788.0,2005-01-22,Pedro
414,2004-06-06,Parking,Venta,Barcelona,46.0,386584.0,2004-12-17,Carmen
416,2004-06-07,Suelo,Venta,Barcelona,254.0,1381506.0,2005-04-14,Luisa
420,2004-06-09,Suelo,Venta,Barcelona,135.0,1209735.0,2005-05-05,Pedro
421,2004-06-09,Piso,Alquiler,Barcelona,126.0,637308.0,2004-11-09,Jesús
422,2004-06-09,Local,Alquiler,Barcelona,260.0,1090180.0,2004-12-16,Luisa
423,2004-06-09,Parking,Venta,Barcelona,261.0,1945755.0,2004-11-06,Jesús
426,2004-06-10,Piso,Venta,Barcelona,81.0,583362.0,2005-05-04,Carmen
437,2004-06-14,Oficina,Venta,Barcelona,158.0,1543344.0,2004-12-26,Luisa
439,2004-06-15,Parking,Venta,Barcelona,115.0,1077665.0,2004-09-19,Jesús
440,2004-06-16,Parking,Venta,Barcelona,102.0,790602.0,2004-11-09,Carmen
443,2004-06-17,Parking,Venta,Barcelona,102.0,1005312.0,2005-06-09,Luisa
450,2004-06-18,Oficina,Venta,Barcelona,54.0,406998.0,2005-04-25,Joaquín
453,2004-06-19,Oficina,Alquiler,Barcelona,72.0,458568.0,2004-10-06,Luisa
454,2004-06-20,Parking,Alquiler,Barcelona,244.0,2439512.0,2005-01-02,Carmen
457,2004-06-20,Piso,Alquiler,Barcelona,71.0,587880.0,2004-10-03,Jesús
459,2004-06-22,Oficina,Alquiler,Barcelona,77.0,322322.0,2005-03-12,Joaquín
468,2004-06-24,Casa,Alquiler,Barcelona,65.0,546780.0,2004-12-13,Pedro
480,2004-06-29,Oficina,Alquiler,Barcelona,257.0,1166780.0,2005-01-10,Jesús
489,2004-07-02,Parking,Alquiler,Barcelona,234.0,1911312.0,2005-04-08,Luisa
493,2004-07-03,Piso,Venta,Barcelona,274.0,1729762.0,2005-07-03,Luisa
494,2004-07-03,Oficina,Venta,Barcelona,268.0,2578696.0,2005-06-28,Luisa
498,2004-07-04,Casa,Venta,Barcelona,61.0,531432.0,2005-05-22,Joaquín
502,2004-07-05,Piso,Venta,Barcelona,72.0,647352.0,2005-06-07,María
507,2004-07-05,Local,Venta,Barcelona,271.0,2297538.0,2004-11-22,Jesús
509,2004-07-06,Industrial,Alquiler,Barcelona,227.0,1175860.0,2005-07-05,Joaquín
512,2004-07-06,Casa,Alquiler,Barcelona,191.0,1841622.0,2005-01-21,Jesús
514,2004-07-08,Oficina,Alquiler,Barcelona,47.0,262777.0,2004-12-22,Carmen
515,2004-07-08,Oficina,Alquiler,Barcelona,119.0,720902.0,2005-06-23,Carmen
518,2004-07-09,Piso,Alquiler,Barcelona,123.0,682773.0,2005-01-30,Luisa
520,2004-07-09,Parking,Venta,Barcelona,105.0,740355.0,2004-12-08,Luisa
523,2004-07-10,Piso,Alquiler,Barcelona,159.0,1536576.0,2005-06-24,Pedro
526,2004-07-11,Industrial,Alquiler,Barcelona,231.0,935781.0,2004-11-13,Joaquín
530,2004-07-12,Industrial,Alquiler,Barcelona,112.0,712768.0,2005-06-14,Carmen
538,2004-07-16,Parking,Alquiler,Barcelona,111.0,761793.0,2005-07-11,María
541,2004-07-16,Oficina,Venta,Barcelona,182.0,1514968.0,2004-10-24,María
547,2004-07-20,Parking,Venta,Barcelona,286.0,2330042.0,2004-10-21,Carmen
551,2004-07-21,Local,Venta,Barcelona,125.0,804625.0,2005-06-26,Carmen
552,2004-07-21,Oficina,Venta,Barcelona,209.0,1568754.0,2004-12-15,Pedro
553,2004-07-21,Parking,Venta,Barcelona,141.0,867009.0,2004-11-21,Joaquín
562,2004-07-25,Piso,Venta,Barcelona,237.0,1272216.0,2005-04-27,Jesús
564,2004-07-25,Suelo,Venta,Barcelona,147.0,917868.0,2004-11-15,Joaquín
566,2004-07-26,Local,Venta,Barcelona,98.0,469910.0,2005-01-08,Joaquín
574,2004-07-28,Parking,Alquiler,Barcelona,280.0,1877400.0,2005-04-21,Joaquín
575,2004-07-29,Casa,Venta,Barcelona,54.0,435348.0,2005-02-20,Pedro
576,2004-07-29,Oficina,Venta,Barcelona,154.0,889658.0,2005-06-22,Joaquín
586,2004-08-02,Piso,Alquiler,Barcelona,184.0,1286344.0,2005-07-02,Joaquín
594,2004-08-04,Industrial,Venta,Barcelona,262.0,1343798.0,2005-04-15,Jesús
599,2004-08-08,Oficina,Alquiler,Barcelona,289.0,1275646.0,2005-01-29,Pedro
602,2004-08-09,Casa,Alquiler,Barcelona,174.0,1408182.0,2005-05-23,Jesús
606,2004-08-10,Parking,Venta,Barcelona,49.0,418019.0,2005-02-22,Pedro
609,2004-08-11,Local,Venta,Barcelona,127.0,1058545.0,2005-01-23,Joaquín
610,2004-08-11,Casa,Venta,Barcelona,294.0,2658936.0,2005-06-21,Luisa
612,2004-08-11,Industrial,Venta,Barcelona,225.0,1879200.0,2004-11-19,Pedro
613,2004-08-12,Casa,Alquiler,Barcelona,241.0,1085705.0,2005-01-28,Pedro
615,2004-08-12,Piso,Alquiler,Barcelona,231.0,1237929.0,2005-04-13,Luisa
618,2004-08-13,Suelo,Alquiler,Barcelona,93.0,705963.0,2005-03-30,Pedro
619,2004-08-14,Suelo,Alquiler,Barcelona,58.0,406290.0,2005-07-04,Carmen
621,2004-08-14,Piso,Venta,Barcelona,123.0,1116348.0,2005-06-29,Luisa
630,2004-08-17,Parking,Alquiler,Barcelona,272.0,1972816.0,2005-08-14,Carmen
636,2004-08-18,Parking,Alquiler,Barcelona,95.0,938030.0,2005-06-03,María
646,2004-08-21,Piso,Venta,Barcelona,67.0,346256.0,2005-05-18,Luisa
658,2004-08-23,Casa,Alquiler,Barcelona,72.0,500400.0,2005-01-22,María
662,2004-08-24,Local,Alquiler,Barcelona,47.0,463843.0,2005-02-19,Joaquín
666,2004-08-26,Oficina,Venta,Barcelona,116.0,651920.0,2005-05-09,María
667,2004-08-27,Parking,Venta,Barcelona,195.0,1513005.0,2005-01-21,Pedro
669,2004-08-28,Industrial,Venta,Barcelona,289.0,2188597.0,2005-04-27,María
670,2004-08-28,Suelo,Alquiler,Barcelona,235.0,1277930.0,2005-04-07,Luisa
672,2004-08-29,Industrial,Venta,Barcelona,67.0,479318.0,2005-04-03,Luisa
674,2004-08-29,Oficina,Alquiler,Barcelona,62.0,329716.0,2005-05-10,Pedro
677,2004-08-30,Industrial,Venta,Barcelona,225.0,1239300.0,2005-01-29,María
692,2004-09-03,Suelo,Venta,Barcelona,269.0,1722407.0,2004-12-21,Jesús
696,2004-09-04,Local,Alquiler,Barcelona,163.0,1570016.0,2005-08-04,Carmen
703,2004-09-08,Piso,Alquiler,Barcelona,278.0,2540364.0,2005-04-12,Carmen
712,2004-09-10,Casa,Venta,Barcelona,73.0,688463.0,2005-08-08,Luisa
715,2004-09-10,Oficina,Alquiler,Barcelona,206.0,1793848.0,2005-09-03,Luisa
723,2004-09-12,Oficina,Alquiler,Barcelona,241.0,2085373.0,2005-07-07,Joaquín
724,2004-09-13,Oficina,Alquiler,Barcelona,180.0,901980.0,2005-02-07,Carmen
727,2004-09-16,Suelo,Venta,Barcelona,139.0,585746.0,2005-05-03,Pedro
734,2004-09-18,Oficina,Alquiler,Barcelona,89.0,588023.0,2005-06-26,Joaquín
735,2004-09-19,Industrial,Venta,Barcelona,112.0,840560.0,2005-06-29,Pedro
738,2004-09-20,Piso,Venta,Barcelona,250.0,1527750.0,2005-02-10,Luisa
739,2004-09-21,Parking,Alquiler,Barcelona,254.0,2328418.0,2005-01-06,Joaquín
741,2004-09-22,Suelo,Venta,Barcelona,218.0,1330236.0,2004-12-27,Pedro
743,2004-09-22,Casa,Venta,Barcelona,99.0,538065.0,2005-06-19,Jesús
746,2004-09-22,Suelo,Alquiler,Barcelona,178.0,1355470.0,2004-12-24,María
751,2004-09-25,Local,Venta,Barcelona,182.0,1509872.0,2005-08-05,Luisa
756,2004-09-26,Industrial,Venta,Barcelona,42.0,306726.0,2005-06-16,Jesús
757,2004-09-26,Piso,Venta,Barcelona,272.0,1535168.0,2005-07-26,Luisa
759,2004-09-26,Casa,Alquiler,Barcelona,299.0,1695330.0,2005-07-14,Joaquín
761,2004-09-26,Parking,Venta,Barcelona,48.0,371712.0,2005-08-14,María
766,2004-09-29,Piso,Alquiler,Barcelona,95.0,510150.0,2005-05-07,Jesús
768,2004-10-02,Casa,Venta,Barcelona,159.0,1162131.0,2005-08-25,Pedro
771,2004-10-04,Suelo,Venta,Barcelona,277.0,1363948.0,2005-01-02,Jesús
777,2004-10-06,Local,Alquiler,Barcelona,228.0,1554732.0,2005-08-17,Jesús
784,2004-10-06,Casa,Alquiler,Barcelona,228.0,1685148.0,2005-10-05,Luisa
786,2004-10-06,Casa,Venta,Barcelona,279.0,2064879.0,2005-05-07,María
788,2004-10-07,Piso,Venta,Barcelona,251.0,1781849.0,2005-07-23,Luisa
796,2004-10-11,Oficina,Venta,Barcelona,255.0,1442280.0,2005-05-04,Jesús
804,2004-10-14,Piso,Alquiler,Barcelona,243.0,1469178.0,2005-02-18,Pedro
809,2004-10-15,Industrial,Venta,Barcelona,51.0,334305.0,2005-09-25,Carmen
813,2004-10-17,Oficina,Alquiler,Barcelona,192.0,1627200.0,2005-01-27,Luisa
815,2004-10-18,Parking,Alquiler,Barcelona,232.0,2180104.0,2005-07-19,Joaquín
816,2004-10-18,Suelo,Alquiler,Barcelona,158.0,878638.0,2005-05-05,Joaquín
818,2004-10-19,Parking,Venta,Barcelona,102.0,562632.0,2005-09-01,Luisa
827,2004-10-23,Industrial,Alquiler,Barcelona,199.0,1278774.0,2005-04-06,Pedro
833,2004-10-24,Casa,Venta,Barcelona,73.0,592103.0,2005-03-21,Jesús
841,2004-10-29,Suelo,Venta,Barcelona,109.0,942196.0,2005-08-31,Joaquín
842,2004-10-30,Casa,Venta,Barcelona,175.0,1712725.0,2005-03-12,Carmen
855,2004-11-03,Industrial,Venta,Barcelona,247.0,995657.0,2005-06-29,Jesús
858,2004-11-03,Suelo,Venta,Barcelona,65.0,397540.0,2005-05-22,Joaquín
861,2004-11-04,Local,Alquiler,Barcelona,152.0,631560.0,2005-10-28,Joaquín
862,2004-11-06,Oficina,Alquiler,Barcelona,246.0,2328636.0,2005-03-10,Luisa
877,2004-11-10,Industrial,Alquiler,Barcelona,145.0,1372135.0,2005-04-18,Pedro
886,2004-11-13,Suelo,Alquiler,Barcelona,160.0,1356160.0,2005-11-08,Luisa
894,2004-11-14,Industrial,Alquiler,Barcelona,229.0,1341024.0,2005-09-12,Jesús
897,2004-11-15,Casa,Venta,Barcelona,258.0,2449452.0,2005-03-14,Jesús
898,2004-11-16,Local,Venta,Barcelona,58.0,315810.0,2005-06-14,Jesús
899,2004-11-16,Casa,Alquiler,Barcelona,136.0,1072768.0,2005-04-02,Pedro
901,2004-11-17,Oficina,Alquiler,Barcelona,294.0,2722146.0,2005-11-05,Joaquín
903,2004-11-17,Piso,Venta,Barcelona,62.0,455762.0,2005-07-25,Pedro
906,2004-11-18,Oficina,Alquiler,Barcelona,59.0,491706.0,2005-07-03,Jesús
910,2004-11-20,Local,Alquiler,Barcelona,135.0,1036665.0,2005-11-08,Pedro
919,2004-11-23,Industrial,Venta,Barcelona,137.0,1242042.0,2005-08-08,Luisa
925,2004-11-25,Suelo,Alquiler,Barcelona,298.0,2376550.0,2005-10-19,Luisa
926,2004-11-25,Suelo,Alquiler,Barcelona,151.0,709700.0,2005-03-16,Carmen
927,2004-11-26,Industrial,Alquiler,Barcelona,283.0,1615647.0,2005-06-06,Joaquín
937,2004-12-01,Local,Venta,Barcelona,158.0,766774.0,2005-03-24,Pedro
939,2004-12-02,Industrial,Venta,Barcelona,249.0,1662822.0,2005-07-11,Luisa
940,2004-12-02,Industrial,Venta,Barcelona,68.0,614244.0,2005-05-11,Jesús
948,2004-12-05,Parking,Alquiler,Barcelona,206.0,1241562.0,2005-07-27,María
950,2004-12-06,Oficina,Venta,Barcelona,65.0,307255.0,2005-10-11,Carmen
951,2004-12-07,Industrial,Venta,Barcelona,142.0,954808.0,2005-06-18,María
961,2004-12-10,Oficina,Alquiler,Barcelona,174.0,1271592.0,2005-07-13,Joaquín
975,2004-12-16,Local,Alquiler,Barcelona,232.0,1236560.0,2005-11-20,Pedro
976,2004-12-16,Suelo,Alquiler,Barcelona,199.0,1494490.0,2005-04-04,Joaquín
978,2004-12-18,Casa,Alquiler,Barcelona,97.0,672792.0,2005-05-23,Joaquín
979,2004-12-18,Suelo,Venta,Barcelona,122.0,589016.0,2005-10-04,Joaquín
981,2004-12-19,Casa,Alquiler,Barcelona,212.0,1588940.0,2005-08-29,Carmen
982,2004-12-19,Oficina,Alquiler,Barcelona,250.0,1127750.0,2005-04-04,Luisa
984,2004-12-20,Piso,Alquiler,Barcelona,270.0,2427300.0,2005-09-06,Pedro
989,2004-12-21,Industrial,Venta,Barcelona,182.0,1717898.0,2005-04-24,Pedro
990,2004-12-21,Oficina,Venta,Barcelona,233.0,1870757.0,2005-10-13,Luisa
1000,2004-12-25,Local,Venta,Barcelona,250.0,1368750.0,2005-06-07,Luisa
1001,2004-12-25,Piso,Alquiler,Barcelona,292.0,2677056.0,2005-07-22,María
1010,2004-12-27,Piso,Alquiler,Barcelona,96.0,862848.0,2005-12-23,María
1012,2004-12-31,Oficina,Venta,Barcelona,191.0,1657880.0,2005-09-06,Pedro
1013,2004-12-31,Casa,Venta,Barcelona,146.0,1457226.0,2005-11-05,María
1014,2004-12-31,Local,Alquiler,Barcelona,168.0,1508472.0,2005-12-03,Luisa
1015,2005-01-01,Parking,Alquiler,Barcelona,142.0,1276864.0,2005-10-24,María
1017,2005-01-01,Local,Alquiler,Barcelona,269.0,1360064.0,2005-08-17,Jesús
1023,2005-01-03,Piso,Alquiler,Barcelona,172.0,1615424.0,2005-11-19,Carmen
1025,2005-01-04,Parking,Alquiler,Barcelona,206.0,1231262.0,2005-07-10,Luisa
1030,2005-01-05,Industrial,Alquiler,Barcelona,143.0,1106677.0,2005-08-08,María
1031,2005-01-06,Industrial,Alquiler,Barcelona,170.0,1262250.0,2005-11-29,Luisa
1034,2005-01-07,Industrial,Venta,Barcelona,252.0,2398788.0,2005-11-19,Jesús
1039,2005-01-09,Local,Venta,Barcelona,162.0,1315440.0,2005-09-16,Jesús
1046,2005-01-11,Oficina,Alquiler,Barcelona,157.0,949693.0,2005-11-27,Jesús
1047,2005-01-12,Casa,Alquiler,Barcelona,279.0,2362572.0,2005-09-25,Luisa
1048,2005-01-12,Oficina,Venta,Barcelona,73.0,672987.0,2005-04-21,Joaquín
1053,2005-01-14,Oficina,Alquiler,Barcelona,251.0,2138771.0,2005-05-15,Carmen
1056,2005-01-15,Casa,Venta,Barcelona,90.0,599850.0,2005-12-30,María
1057,2005-01-15,Parking,Venta,Barcelona,221.0,1919827.0,2006-01-06,Joaquín
1059,2005-01-17,Piso,Venta,Barcelona,80.0,500560.0,2005-12-11,Jesús
1060,2005-01-17,Industrial,Venta,Barcelona,45.0,259515.0,2005-12-17,Joaquín
1062,2005-01-19,Oficina,Venta,Barcelona,213.0,1886541.0,2005-09-05,Jesús
1067,2005-01-21,Parking,Venta,Barcelona,221.0,1471197.0,2005-10-17,Joaquín
1074,2005-01-23,Parking,Alquiler,Barcelona,290.0,2275050.0,2005-09-20,Jesús
1076,2005-01-23,Local,Alquiler,Barcelona,212.0,1911604.0,2006-01-14,María
1077,2005-01-24,Oficina,Alquiler,Barcelona,254.0,1850644.0,2005-11-28,Carmen
1080,2005-01-24,Piso,Alquiler,Barcelona,180.0,1128420.0,2005-10-13,Carmen
1084,2005-01-25,Industrial,Venta,Barcelona,47.0,424175.0,2005-06-19,Joaquín
1088,2005-01-27,Industrial,Venta,Barcelona,168.0,1081248.0,2005-06-01,Carmen
1089,2005-01-28,Local,Alquiler,Barcelona,253.0,1816793.0,2005-10-22,Pedro
1093,2005-02-01,Piso,Venta,Barcelona,139.0,1187477.0,2005-05-31,Carmen
1094,2005-02-01,Local,Venta,Barcelona,300.0,1772700.0,2006-01-03,María
1097,2005-02-01,Suelo,Venta,Barcelona,262.0,1960808.0,2005-09-11,Pedro
1110,2005-02-06,Parking,Alquiler,Barcelona,87.0,372447.0,2005-07-17,Jesús
1111,2005-02-06,Industrial,Alquiler,Barcelona,210.0,1602300.0,2005-06-26,Pedro
1118,2005-02-10,Local,Alquiler,Barcelona,286.0,1912482.0,2005-11-26,Pedro
1127,2005-02-14,Parking,Venta,Barcelona,229.0,1859480.0,2006-01-06,Joaquín
1129,2005-02-15,Casa,Alquiler,Barcelona,58.0,444338.0,2005-06-04,Carmen
1130,2005-02-15,Parking,Venta,Barcelona,156.0,795912.0,2006-01-06,Carmen
1131,2005-02-15,Piso,Alquiler,Barcelona,92.0,900956.0,2005-06-14,Pedro
1133,2005-02-15,Local,Venta,Barcelona,122.0,879254.0,2005-06-25,Luisa
1137,2005-02-16,Casa,Venta,Barcelona,257.0,1066550.0,2005-09-23,Carmen
1142,2005-02-17,Suelo,Alquiler,Barcelona,254.0,1394206.0,2005-05-28,Carmen
1143,2005-02-17,Suelo,Alquiler,Barcelona,256.0,2176768.0,2006-02-13,Carmen
1145,2005-02-17,Oficina,Venta,Barcelona,198.0,1090782.0,2006-02-01,Joaquín
1147,2005-02-18,Oficina,Alquiler,Barcelona,233.0,984192.0,2006-01-28,Jesús
1150,2005-02-18,Local,Venta,Barcelona,158.0,1308398.0,2006-02-05,Carmen
1153,2005-02-20,Piso,Alquiler,Barcelona,292.0,2865688.0,2005-08-21,Carmen
1157,2005-02-20,Oficina,Venta,Barcelona,298.0,2436448.0,2005-08-13,Carmen
1159,2005-02-21,Industrial,Venta,Barcelona,276.0,2148384.0,2005-10-12,Jesús
1175,2005-02-26,Casa,Venta,Barcelona,133.0,1305129.0,2005-12-22,Joaquín
1178,2005-02-27,Casa,Venta,Barcelona,91.0,780598.0,2005-11-07,Jesús
1179,2005-02-28,Oficina,Alquiler,Barcelona,70.0,354270.0,2005-11-18,Jesús
1180,2005-02-28,Casa,Alquiler,Barcelona,45.0,425790.0,2006-01-16,María
1184,2005-03-02,Piso,Venta,Barcelona,236.0,1388388.0,2006-02-04,Joaquín
1188,2005-03-03,Piso,Alquiler,Barcelona,255.0,1471605.0,2005-10-11,Carmen
1190,2005-03-03,Industrial,Venta,Barcelona,142.0,1256274.0,2005-07-21,Pedro
1192,2005-03-04,Casa,Alquiler,Barcelona,239.0,1320236.0,2005-08-03,Carmen
1197,2005-03-06,Piso,Venta,Barcelona,98.0,917378.0,2005-12-06,Pedro
1198,2005-03-06,Oficina,Alquiler,Barcelona,42.0,235746.0,2005-07-25,Joaquín
1199,2005-03-06,Local,Venta,Barcelona,60.0,474600.0,2005-10-01,Luisa
1203,2005-03-07,Oficina,Venta,Barcelona,255.0,2151435.0,2005-08-26,Pedro
1204,2005-03-07,Local,Venta,Barcelona,213.0,2105079.0,2005-07-25,Joaquín
1205,2005-03-07,Suelo,Venta,Barcelona,117.0,953316.0,2005-12-27,María
1211,2005-03-10,Casa,Venta,Barcelona,143.0,1246960.0,2005-09-28,Carmen
1216,2005-03-11,Casa,Venta,Barcelona,184.0,1830800.0,2006-01-25,Pedro
1218,2005-03-11,Suelo,Venta,Barcelona,251.0,2234653.0,2005-08-01,Luisa
1220,2005-03-12,Local,Alquiler,Barcelona,269.0,2032295.0,2005-11-27,Joaquín
1230,2005-03-16,Suelo,Venta,Barcelona,130.0,1292980.0,2005-11-11,Luisa
1231,2005-03-16,Local,Alquiler,Barcelona,138.0,949578.0,2006-02-17,María
1235,2005-03-18,Oficina,Venta,Barcelona,116.0,841232.0,2006-01-18,María
1243,2005-03-20,Oficina,Alquiler,Barcelona,274.0,1152718.0,2005-07-31,Pedro
1245,2005-03-21,Parking,Venta,Barcelona,68.0,367132.0,2005-08-31,Joaquín
1246,2005-03-22,Industrial,Venta,Barcelona,268.0,1557884.0,2005-12-09,Luisa
1248,2005-03-22,Parking,Alquiler,Barcelona,99.0,500148.0,2005-08-09,Joaquín
1250,2005-03-23,Local,Alquiler,Barcelona,150.0,730350.0,2005-06-28,Carmen
1251,2005-03-23,Oficina,Venta,Barcelona,126.0,867636.0,2005-11-02,Luisa
1252,2005-03-23,Industrial,Alquiler,Barcelona,71.0,459725.0,2006-01-26,Joaquín
1253,2005-03-24,Industrial,Venta,Barcelona,127.0,757809.0,2006-02-20,Luisa
1259,2005-03-26,Industrial,Venta,Barcelona,91.0,485849.0,2005-07-24,Pedro
1261,2005-03-26,Industrial,Alquiler,Barcelona,68.0,525096.0,2005-08-27,Joaquín
1264,2005-03-28,Suelo,Alquiler,Barcelona,67.0,627321.0,2005-07-12,Joaquín
1268,2005-03-30,Piso,Venta,Barcelona,138.0,1307688.0,2006-02-11,María
1269,2005-03-30,Casa,Alquiler,Barcelona,88.0,531784.0,2006-01-11,Joaquín
1286,2005-04-05,Suelo,Venta,Barcelona,194.0,1612334.0,2005-09-21,Jesús
1293,2005-04-07,Local,Venta,Barcelona,102.0,480318.0,2006-01-12,Joaquín
1297,2005-04-08,Industrial,Venta,Barcelona,248.0,1179488.0,2005-12-26,Jesús
1299,2005-04-09,Suelo,Venta,Barcelona,71.0,309702.0,2005-08-09,Carmen
1305,2005-04-14,Casa,Venta,Barcelona,274.0,2229812.0,2005-08-26,María
1315,2005-04-17,Piso,Alquiler,Barcelona,223.0,1795819.0,2005-08-30,Luisa
1324,2005-04-19,Piso,Alquiler,Barcelona,73.0,563122.0,2005-10-25,Carmen
1325,2005-04-19,Industrial,Alquiler,Barcelona,152.0,651472.0,2005-09-13,Carmen
1326,2005-04-19,Industrial,Venta,Barcelona,43.0,281521.0,2005-10-27,Jesús
1327,2005-04-20,Parking,Alquiler,Barcelona,273.0,2306031.0,2005-09-25,Carmen
1341,2005-04-25,Parking,Venta,Barcelona,194.0,1698664.0,2006-03-20,Carmen
1342,2005-04-25,Suelo,Alquiler,Barcelona,269.0,2292149.0,2006-01-22,Carmen
1345,2005-04-25,Local,Alquiler,Barcelona,50.0,333650.0,2005-12-16,Carmen
1346,2005-04-26,Local,Venta,Barcelona,115.0,950015.0,2005-09-26,Pedro
1348,2005-04-26,Casa,Venta,Barcelona,102.0,892704.0,2006-01-22,Joaquín
1352,2005-04-27,Industrial,Alquiler,Barcelona,269.0,1702501.0,2005-12-10,Luisa
1353,2005-04-28,Industrial,Venta,Barcelona,242.0,2418064.0,2005-10-24,Jesús
1355,2005-04-28,Suelo,Venta,Barcelona,161.0,1421308.0,2005-11-12,Pedro
1370,2005-05-03,Casa,Alquiler,Barcelona,77.0,406252.0,2006-02-25,María
1371,2005-05-04,Industrial,Venta,Barcelona,286.0,2633774.0,2005-09-01,Carmen
1373,2005-05-04,Local,Venta,Barcelona,214.0,1287210.0,2005-12-21,Joaquín
1378,2005-05-06,Parking,Alquiler,Barcelona,119.0,1013523.0,2005-08-17,Joaquín
1384,2005-05-08,Parking,Venta,Barcelona,258.0,2066064.0,2005-11-25,María
1385,2005-05-08,Casa,Alquiler,Barcelona,245.0,1244600.0,2006-01-03,Luisa
1393,2005-05-09,Casa,Venta,Barcelona,254.0,2011934.0,2006-03-04,Jesús
1397,2005-05-10,Oficina,Alquiler,Barcelona,107.0,899014.0,2006-04-09,María
1400,2005-05-13,Casa,Venta,Barcelona,280.0,2349200.0,2006-04-13,Pedro
1403,2005-05-15,Local,Venta,Barcelona,188.0,1453428.0,2005-09-14,Joaquín
1405,2005-05-15,Parking,Venta,Barcelona,163.0,1531222.0,2005-10-28,Joaquín
1407,2005-05-16,Parking,Venta,Barcelona,185.0,1384355.0,2005-11-15,Luisa
1412,2005-05-18,Oficina,Venta,Barcelona,159.0,742848.0,2005-10-12,Joaquín
1414,2005-05-21,Suelo,Alquiler,Barcelona,179.0,896969.0,2005-09-14,Carmen
1415,2005-05-21,Casa,Alquiler,Barcelona,97.0,834394.0,2006-05-20,Jesús
1418,2005-05-21,Industrial,Alquiler,Barcelona,244.0,1300276.0,2006-03-21,Joaquín
1420,2005-05-22,Industrial,Venta,Barcelona,196.0,1584856.0,2005-09-02,Joaquín
1423,2005-05-23,Local,Alquiler,Barcelona,185.0,1583785.0,2005-09-17,Luisa
1424,2005-05-23,Parking,Venta,Barcelona,63.0,516159.0,2006-03-13,Luisa
1430,2005-05-25,Piso,Venta,Barcelona,208.0,1792128.0,2006-04-15,Jesús
1431,2005-05-25,Suelo,Venta,Barcelona,54.0,264438.0,2005-08-23,Joaquín
1436,2005-05-27,Industrial,Venta,Barcelona,261.0,1435239.0,2006-03-22,Joaquín
1441,2005-05-29,Industrial,Venta,Barcelona,160.0,1496320.0,2006-05-08,María
1444,2005-05-29,Piso,Alquiler,Barcelona,137.0,585812.0,2006-01-26,Luisa
1446,2005-05-31,Oficina,Alquiler,Barcelona,96.0,567072.0,2005-10-30,Jesús
1449,2005-06-01,Suelo,Alquiler,Barcelona,69.0,499698.0,2005-08-31,Pedro
1450,2005-06-02,Suelo,Venta,Barcelona,269.0,1779435.0,2006-05-18,Jesús
1465,2005-06-08,Suelo,Venta,Barcelona,132.0,802428.0,2006-02-15,Joaquín
1472,2005-06-10,Piso,Venta,Barcelona,213.0,1955340.0,2006-04-23,Jesús
1479,2005-06-13,Oficina,Venta,Barcelona,124.0,1053628.0,2006-04-13,María
1481,2005-06-13,Suelo,Alquiler,Barcelona,157.0,868367.0,2006-06-03,Jesús
1482,2005-06-13,Oficina,Venta,Barcelona,64.0,368384.0,2005-09-15,Jesús
1483,2005-06-13,Parking,Alquiler,Barcelona,282.0,2677590.0,2006-04-08,Luisa
1484,2005-06-14,Oficina,Venta,Barcelona,151.0,1484028.0,2006-03-24,Jesús
1487,2005-06-15,Suelo,Alquiler,Barcelona,106.0,704476.0,2006-02-07,Joaquín
1489,2005-06-16,Parking,Venta,Barcelona,112.0,691712.0,2006-04-10,Pedro
1498,2005-06-19,Industrial,Alquiler,Barcelona,175.0,1084300.0,2005-10-10,Luisa
1520,2005-06-29,Casa,Alquiler,Barcelona,53.0,399143.0,2005-11-08,Jesús
1521,2005-06-29,Suelo,Venta,Barcelona,40.0,306120.0,2005-11-24,Carmen
1533,2005-07-02,Local,Alquiler,Barcelona,217.0,1742293.0,2006-04-13,Pedro
1536,2005-07-04,Piso,Venta,Barcelona,197.0,1035826.0,2006-05-27,Jesús
1546,2005-07-07,Piso,Venta,Barcelona,214.0,1258534.0,2006-01-27,María
1547,2005-07-08,Casa,Alquiler,Barcelona,45.0,330885.0,2006-04-16,Jesús
1549,2005-07-09,Piso,Alquiler,Barcelona,176.0,804144.0,2005-11-24,María
1551,2005-07-10,Parking,Venta,Barcelona,108.0,436428.0,2006-04-28,Jesús
1552,2005-07-11,Piso,Alquiler,Barcelona,130.0,859040.0,2005-11-06,Joaquín
1553,2005-07-11,Suelo,Venta,Barcelona,63.0,618786.0,2006-07-07,Luisa
1554,2005-07-12,Suelo,Alquiler,Barcelona,132.0,708840.0,2005-11-03,Luisa
1556,2005-07-12,Local,Venta,Barcelona,159.0,1582845.0,2006-04-15,Pedro
1560,2005-07-15,Casa,Alquiler,Barcelona,291.0,1823406.0,2006-05-02,Pedro
1569,2005-07-17,Parking,Alquiler,Barcelona,67.0,347931.0,2006-04-28,Pedro
1570,2005-07-18,Casa,Venta,Barcelona,127.0,583692.0,2006-01-11,Carmen
1571,2005-07-18,Local,Alquiler,Barcelona,300.0,1716300.0,2006-04-21,María
1572,2005-07-18,Local,Venta,Barcelona,202.0,1271388.0,2006-01-10,Joaquín
1573,2005-07-18,Piso,Alquiler,Barcelona,203.0,1699719.0,2006-01-10,Jesús
1574,2005-07-19,Industrial,Venta,Barcelona,275.0,1620575.0,2006-02-18,Joaquín
1591,2005-07-24,Parking,Venta,Barcelona,207.0,1107864.0,2006-05-15,Luisa
1595,2005-07-25,Suelo,Alquiler,Barcelona,264.0,2133120.0,2006-01-26,María
1602,2005-07-28,Piso,Alquiler,Barcelona,165.0,687720.0,2006-02-20,Carmen
1604,2005-07-30,Casa,Alquiler,Barcelona,260.0,1301560.0,2005-12-29,Carmen
1605,2005-07-31,Piso,Alquiler,Barcelona,211.0,1951328.0,2006-01-03,Luisa
1607,2005-08-01,Oficina,Venta,Barcelona,139.0,740731.0,2006-03-14,María
1622,2005-08-04,Industrial,Alquiler,Barcelona,47.0,286747.0,2006-06-10,Joaquín
1625,2005-08-05,Local,Venta,Barcelona,188.0,1209216.0,2006-03-14,María
1626,2005-08-06,Parking,Venta,Barcelona,245.0,1202705.0,2005-12-10,Jesús
1630,2005-08-07,Local,Alquiler,Barcelona,300.0,1900200.0,2005-12-09,Pedro
1634,2005-08-08,Piso,Alquiler,Barcelona,250.0,1669250.0,2006-01-04,María
1636,2005-08-08,Parking,Venta,Barcelona,112.0,829808.0,2006-03-29,Joaquín
1643,2005-08-10,Local,Venta,Barcelona,269.0,2384954.0,2006-02-12,María
1648,2005-08-14,Local,Venta,Barcelona,119.0,906780.0,2005-11-21,Carmen
1654,2005-08-15,Local,Alquiler,Barcelona,82.0,375232.0,2006-05-22,Jesús
1656,2005-08-16,Casa,Alquiler,Barcelona,89.0,358670.0,2006-02-19,Luisa
1657,2005-08-16,Parking,Alquiler,Barcelona,232.0,1643256.0,2006-02-22,María
1658,2005-08-16,Suelo,Alquiler,Barcelona,221.0,1069640.0,2006-06-01,Joaquín
1660,2005-08-17,Oficina,Venta,Barcelona,58.0,509356.0,2006-05-20,Luisa
1662,2005-08-18,Parking,Alquiler,Barcelona,224.0,986048.0,2006-02-10,María
1666,2005-08-22,Local,Venta,Barcelona,209.0,843106.0,2006-01-24,María
1678,2005-08-27,Oficina,Venta,Barcelona,91.0,663845.0,2006-04-07,María
1684,2005-08-28,Piso,Alquiler,Barcelona,254.0,1191260.0,2006-07-27,Pedro
1695,2005-08-31,Industrial,Venta,Barcelona,158.0,1473982.0,2006-08-29,Carmen
1697,2005-09-02,Industrial,Alquiler,Barcelona,213.0,1333593.0,2006-04-06,Jesús
1698,2005-09-03,Industrial,Alquiler,Barcelona,202.0,1558430.0,2006-01-26,Jesús
1699,2005-09-03,Parking,Venta,Barcelona,163.0,1150128.0,2006-03-18,Joaquín
1700,2005-09-03,Piso,Venta,Barcelona,245.0,1517285.0,2006-05-07,Luisa
1703,2005-09-06,Industrial,Venta,Barcelona,161.0,827057.0,2006-05-05,María
1708,2005-09-07,Parking,Alquiler,Barcelona,173.0,842683.0,2006-01-30,Joaquín
1709,2005-09-07,Local,Venta,Barcelona,272.0,2074000.0,2006-08-14,Joaquín
1710,2005-09-08,Local,Venta,Barcelona,299.0,1424436.0,2006-01-17,Carmen
1713,2005-09-09,Suelo,Venta,Barcelona,129.0,617652.0,2006-09-03,Joaquín
1717,2005-09-09,Local,Venta,Barcelona,218.0,1911424.0,2006-07-22,Carmen
1719,2005-09-10,Local,Venta,Barcelona,254.0,1668526.0,2005-12-29,Carmen
1724,2005-09-11,Local,Alquiler,Barcelona,145.0,943805.0,2006-05-17,Luisa
1731,2005-09-12,Oficina,Venta,Barcelona,66.0,415866.0,2006-07-19,María
1732,2005-09-13,Industrial,Venta,Barcelona,140.0,864080.0,2006-02-08,Carmen
1733,2005-09-13,Oficina,Alquiler,Barcelona,223.0,974956.0,2006-07-23,Luisa
1736,2005-09-14,Piso,Venta,Barcelona,94.0,707914.0,2006-05-07,Jesús
1745,2005-09-19,Parking,Alquiler,Barcelona,193.0,1540140.0,2006-08-08,Jesús
1747,2005-09-21,Piso,Alquiler,Barcelona,111.0,656676.0,2006-02-05,Joaquín
1754,2005-09-22,Casa,Venta,Barcelona,182.0,1305304.0,2006-06-06,Luisa
1759,2005-09-25,Local,Alquiler,Barcelona,98.0,683844.0,2006-01-21,Joaquín
1763,2005-09-27,Piso,Alquiler,Barcelona,187.0,911064.0,2006-02-24,María
1764,2005-09-29,Industrial,Alquiler,Barcelona,121.0,490897.0,2006-09-27,María
1765,2005-09-29,Oficina,Venta,Barcelona,231.0,2299374.0,2006-05-15,Jesús
1767,2005-09-30,Suelo,Alquiler,Barcelona,79.0,409378.0,2006-08-15,Luisa
1769,2005-10-01,Piso,Venta,Barcelona,164.0,878712.0,2006-01-21,María
1772,2005-10-01,Casa,Venta,Barcelona,132.0,850476.0,2006-05-20,Jesús
1777,2005-10-02,Local,Alquiler,Barcelona,204.0,1929228.0,2006-05-14,Pedro
1778,2005-10-02,Suelo,Alquiler,Barcelona,68.0,613496.0,2006-01-18,Jesús
1779,2005-10-02,Casa,Venta,Barcelona,180.0,979560.0,2006-06-09,María
1780,2005-10-02,Casa,Venta,Barcelona,55.0,264385.0,2006-07-27,Joaquín
1781,2005-10-02,Casa,Alquiler,Barcelona,258.0,1146552.0,2006-07-26,Luisa
1791,2005-10-05,Local,Venta,Barcelona,106.0,804540.0,2006-10-02,Pedro
1792,2005-10-05,Casa,Alquiler,Barcelona,274.0,1753052.0,2006-02-28,Joaquín
1794,2005-10-05,Oficina,Venta,Barcelona,224.0,1420160.0,2006-05-03,Jesús
1797,2005-10-06,Local,Alquiler,Barcelona,211.0,1522998.0,2006-06-02,Luisa
1801,2005-10-07,Oficina,Venta,Barcelona,158.0,909606.0,2006-06-19,Carmen
1803,2005-10-07,Suelo,Venta,Barcelona,116.0,857936.0,2006-01-23,Luisa
1804,2005-10-07,Suelo,Venta,Barcelona,242.0,1963104.0,2006-07-19,Pedro
1809,2005-10-11,Industrial,Venta,Barcelona,64.0,480384.0,2006-05-15,Carmen
1811,2005-10-12,Oficina,Venta,Barcelona,124.0,945624.0,2006-05-22,Joaquín
1813,2005-10-12,Local,Alquiler,Barcelona,56.0,346192.0,2006-04-18,María
1822,2005-10-15,Parking,Alquiler,Barcelona,271.0,2334123.0,2006-08-02,Joaquín
1825,2005-10-16,Suelo,Venta,Barcelona,228.0,994536.0,2006-03-27,Joaquín
1827,2005-10-16,Local,Venta,Barcelona,214.0,1687604.0,2006-01-22,Luisa
1835,2005-10-20,Parking,Alquiler,Barcelona,133.0,745864.0,2006-06-01,María
1839,2005-10-22,Suelo,Alquiler,Barcelona,276.0,1544496.0,2006-05-12,Carmen
1849,2005-10-28,Parking,Alquiler,Barcelona,218.0,991900.0,2006-05-28,Jesús
1852,2005-10-28,Industrial,Alquiler,Barcelona,224.0,1422624.0,2006-03-12,Luisa
1853,2005-10-28,Suelo,Venta,Barcelona,249.0,1878954.0,2006-10-28,Luisa
1861,2005-11-02,Parking,Venta,Barcelona,249.0,2221329.0,2006-05-12,Pedro
1883,2005-11-10,Local,Alquiler,Barcelona,246.0,2216214.0,2006-04-17,María
1886,2005-11-13,Parking,Venta,Barcelona,156.0,692484.0,2006-02-19,Pedro
1890,2005-11-13,Local,Alquiler,Barcelona,89.0,499735.0,2006-08-19,María
1892,2005-11-13,Oficina,Alquiler,Barcelona,70.0,526680.0,2006-02-17,Joaquín
1896,2005-11-15,Oficina,Alquiler,Barcelona,62.0,421290.0,2006-05-21,Joaquín
1898,2005-11-16,Industrial,Alquiler,Barcelona,114.0,878940.0,2006-10-18,Luisa
1902,2005-11-19,Parking,Venta,Barcelona,145.0,1213505.0,2006-11-05,Pedro
1910,2005-11-21,Casa,Alquiler,Barcelona,113.0,1059827.0,2006-10-21,Joaquín
1924,2005-11-25,Industrial,Alquiler,Barcelona,276.0,1817736.0,2006-09-14,Joaquín
1932,2005-11-27,Industrial,Alquiler,Barcelona,180.0,1688040.0,2006-07-07,Luisa
1935,2005-11-28,Piso,Venta,Barcelona,249.0,1780350.0,2006-03-14,Luisa
1945,2005-12-03,Piso,Alquiler,Barcelona,264.0,2147112.0,2006-05-10,Joaquín
1947,2005-12-04,Casa,Alquiler,Barcelona,176.0,1685904.0,2006-07-29,Pedro
1948,2005-12-05,Piso,Venta,Barcelona,85.0,693515.0,2006-03-31,Luisa
1949,2005-12-05,Industrial,Venta,Barcelona,67.0,324213.0,2006-04-10,Luisa
1954,2005-12-07,Casa,Venta,Barcelona,150.0,753900.0,2006-03-30,María
1956,2005-12-08,Oficina,Alquiler,Barcelona,293.0,2868470.0,2006-03-18,Luisa
1960,2005-12-09,Suelo,Venta,Barcelona,171.0,807120.0,2006-11-21,Pedro
1961,2005-12-11,Suelo,Venta,Barcelona,238.0,2203166.0,2006-05-01,Carmen
1965,2005-12-13,Local,Venta,Barcelona,66.0,270996.0,2006-07-04,Luisa
1968,2005-12-16,Piso,Venta,Barcelona,259.0,1842785.0,2006-07-19,María
1969,2005-12-16,Casa,Venta,Barcelona,106.0,856692.0,2006-06-12,María
1974,2005-12-17,Suelo,Alquiler,Barcelona,147.0,907137.0,2006-06-19,Jesús
1975,2005-12-17,Local,Venta,Barcelona,165.0,1393095.0,2006-12-15,Carmen
1978,2005-12-20,Industrial,Alquiler,Barcelona,238.0,2136288.0,2006-09-01,María
1981,2005-12-21,Piso,Venta,Barcelona,248.0,1036392.0,2006-12-03,Luisa
1982,2005-12-21,Suelo,Alquiler,Barcelona,243.0,2390634.0,2006-06-26,Luisa
1985,2005-12-21,Oficina,Alquiler,Barcelona,190.0,940500.0,2006-12-11,Joaquín
1988,2005-12-22,Casa,Venta,Barcelona,276.0,2548584.0,2006-10-13,Jesús
1994,2005-12-23,Local,Alquiler,Barcelona,267.0,2263626.0,2006-07-04,Pedro
2000,2005-12-25,Suelo,Venta,Barcelona,265.0,1348055.0,2006-07-19,Joaquín
2001,2005-12-25,Casa,Venta,Barcelona,283.0,1653852.0,2006-08-28,María
2003,2005-12-26,Oficina,Alquiler,Barcelona,56.0,296856.0,2006-06-06,María
2006,2005-12-27,Oficina,Alquiler,Barcelona,54.0,402462.0,2006-10-06,Pedro
2007,2005-12-27,Casa,Alquiler,Barcelona,221.0,1401361.0,2006-03-30,Jesús
2009,2005-12-27,Piso,Venta,Barcelona,158.0,1040746.0,2006-09-25,Luisa
2016,2005-12-31,Parking,Alquiler,Barcelona,202.0,1329968.0,2006-10-22,María
2017,2006-01-01,Industrial,Venta,Barcelona,75.0,545925.0,2006-09-08,Joaquín
2025,2006-01-03,Oficina,Alquiler,Barcelona,216.0,1109808.0,2006-06-24,Joaquín
2027,2006-01-03,Local,Venta,Barcelona,122.0,680760.0,2006-05-01,María
2028,2006-01-03,Local,Alquiler,Barcelona,179.0,1176209.0,2006-06-29,Carmen
2029,2006-01-03,Casa,Alquiler,Barcelona,229.0,2219468.0,2006-07-12,Luisa
2035,2006-01-05,Parking,Venta,Barcelona,90.0,446940.0,2006-06-26,María
2036,2006-01-06,Local,Venta,Barcelona,110.0,700700.0,2006-04-20,Pedro
2037,2006-01-06,Local,Alquiler,Barcelona,283.0,2107784.0,2006-04-19,María
2038,2006-01-06,Parking,Venta,Barcelona,199.0,1139076.0,2006-06-21,Joaquín
2041,2006-01-08,Suelo,Venta,Barcelona,80.0,539280.0,2006-08-01,María
2046,2006-01-09,Piso,Alquiler,Barcelona,249.0,2053005.0,2006-07-24,Luisa
2048,2006-01-10,Casa,Venta,Barcelona,275.0,1856525.0,2006-09-04,Jesús
2049,2006-01-10,Casa,Alquiler,Barcelona,180.0,1741320.0,2006-06-08,María
2054,2006-01-11,Industrial,Alquiler,Barcelona,271.0,1196465.0,2006-08-05,Jesús
2056,2006-01-12,Industrial,Alquiler,Barcelona,54.0,419256.0,2006-11-30,María
2058,2006-01-13,Oficina,Alquiler,Barcelona,98.0,738430.0,2006-12-28,Luisa
2059,2006-01-13,Oficina,Venta,Barcelona,207.0,1437408.0,2006-08-21,María
2062,2006-01-13,Suelo,Venta,Barcelona,274.0,1450556.0,2006-09-03,María
2063,2006-01-14,Industrial,Alquiler,Barcelona,144.0,1331856.0,2006-12-19,Luisa
2068,2006-01-15,Oficina,Alquiler,Barcelona,199.0,1685132.0,2006-11-07,Joaquín
2069,2006-01-15,Suelo,Venta,Barcelona,245.0,2399040.0,2006-05-31,Joaquín
2071,2006-01-15,Casa,Venta,Barcelona,93.0,808170.0,2006-07-03,Jesús
2073,2006-01-16,Industrial,Venta,Barcelona,80.0,363280.0,2006-12-19,Pedro
2075,2006-01-17,Piso,Venta,Barcelona,267.0,1074675.0,2006-10-20,Carmen
2077,2006-01-17,Oficina,Alquiler,Barcelona,123.0,609342.0,2006-05-10,Carmen
2078,2006-01-17,Industrial,Alquiler,Barcelona,221.0,1411969.0,2006-07-26,Pedro
2086,2006-01-20,Parking,Alquiler,Barcelona,265.0,2119735.0,2006-10-15,Pedro
2103,2006-01-25,Oficina,Venta,Barcelona,223.0,1970874.0,2006-06-08,Joaquín
2109,2006-01-26,Suelo,Alquiler,Barcelona,273.0,1528254.0,2006-06-15,Pedro
2122,2006-01-31,Local,Venta,Barcelona,56.0,550816.0,2006-12-03,Jesús
2124,2006-02-01,Casa,Venta,Barcelona,95.0,650750.0,2006-09-24,Carmen
2125,2006-02-01,Piso,Venta,Barcelona,252.0,2381400.0,2006-06-13,María
2128,2006-02-02,Casa,Alquiler,Barcelona,234.0,1286766.0,2006-10-12,Luisa
2132,2006-02-03,Casa,Venta,Barcelona,40.0,190280.0,2006-11-22,Joaquín
2146,2006-02-07,Casa,Venta,Barcelona,104.0,682240.0,2006-08-30,Jesús
2148,2006-02-08,Oficina,Alquiler,Barcelona,142.0,693244.0,2006-09-19,Jesús
2149,2006-02-08,Industrial,Alquiler,Barcelona,211.0,1155436.0,2006-12-27,Pedro
2151,2006-02-09,Piso,Venta,Barcelona,293.0,1298869.0,2006-07-11,Jesús
2152,2006-02-09,Parking,Venta,Barcelona,227.0,2001232.0,2006-12-06,María
2158,2006-02-11,Oficina,Venta,Barcelona,233.0,1157544.0,2006-06-10,Jesús
2161,2006-02-12,Piso,Alquiler,Barcelona,184.0,864248.0,2006-07-18,María
2164,2006-02-13,Casa,Venta,Barcelona,83.0,444299.0,2007-01-18,Joaquín
2166,2006-02-15,Suelo,Venta,Barcelona,149.0,1436211.0,2007-02-01,María
2170,2006-02-16,Industrial,Alquiler,Barcelona,114.0,636918.0,2007-01-10,Luisa
2176,2006-02-17,Suelo,Alquiler,Barcelona,78.0,366132.0,2006-11-20,Jesús
2185,2006-02-20,Parking,Alquiler,Barcelona,228.0,1815336.0,2006-06-10,Jesús
2192,2006-02-21,Parking,Alquiler,Barcelona,260.0,2470000.0,2006-05-27,Luisa
2195,2006-02-22,Oficina,Alquiler,Barcelona,64.0,319616.0,2006-07-06,Carmen
2197,2006-02-22,Local,Venta,Barcelona,110.0,704770.0,2007-01-17,Pedro
2200,2006-02-24,Industrial,Alquiler,Barcelona,257.0,1598283.0,2007-02-03,Luisa
2201,2006-02-24,Parking,Venta,Barcelona,135.0,764505.0,2006-06-10,Pedro
2206,2006-02-28,Casa,Venta,Barcelona,281.0,2577332.0,2006-07-03,Carmen
2211,2006-03-01,Local,Venta,Barcelona,287.0,1351196.0,2006-06-18,Jesús
2217,2006-03-03,Casa,Alquiler,Barcelona,243.0,1918728.0,2006-07-26,Luisa
2223,2006-03-05,Parking,Venta,Barcelona,293.0,1996209.0,2006-07-26,Jesús
2231,2006-03-07,Parking,Venta,Barcelona,227.0,2257515.0,2007-02-06,Luisa
2233,2006-03-08,Oficina,Alquiler,Barcelona,177.0,1191033.0,2006-06-27,Carmen
2234,2006-03-08,Suelo,Venta,Barcelona,62.0,500836.0,2007-02-16,Joaquín
2242,2006-03-11,Piso,Alquiler,Barcelona,45.0,446940.0,2006-07-17,Pedro
2244,2006-03-13,Parking,Alquiler,Barcelona,182.0,1489124.0,2007-02-22,Pedro
2247,2006-03-13,Casa,Venta,Barcelona,143.0,616044.0,2007-01-19,Carmen
2249,2006-03-14,Industrial,Alquiler,Barcelona,63.0,343602.0,2006-10-16,Carmen
2255,2006-03-17,Industrial,Alquiler,Barcelona,121.0,764115.0,2006-11-19,Joaquín
2257,2006-03-18,Parking,Alquiler,Barcelona,60.0,358620.0,2006-11-26,María
2259,2006-03-19,Oficina,Alquiler,Barcelona,83.0,743265.0,2007-01-03,Joaquín
2266,2006-03-21,Local,Venta,Barcelona,151.0,776442.0,2006-08-21,Jesús
2275,2006-03-26,Casa,Alquiler,Barcelona,235.0,2145315.0,2007-02-09,Joaquín
2280,2006-03-28,Suelo,Alquiler,Barcelona,254.0,1558036.0,2007-03-15,María
2288,2006-03-31,Industrial,Venta,Barcelona,111.0,882783.0,2006-09-07,María
2291,2006-03-31,Suelo,Venta,Barcelona,295.0,1490930.0,2007-03-14,Joaquín
2294,2006-04-01,Local,Venta,Barcelona,155.0,1425690.0,2006-11-08,Jesús
2303,2006-04-04,Local,Venta,Barcelona,185.0,779220.0,2006-10-26,María
2304,2006-04-04,Casa,Alquiler,Barcelona,180.0,1071720.0,2007-03-31,Carmen
2313,2006-04-07,Suelo,Alquiler,Barcelona,234.0,1475136.0,2006-09-18,Carmen
2321,2006-04-09,Casa,Alquiler,Barcelona,45.0,402885.0,2007-03-28,Joaquín
2324,2006-04-10,Parking,Alquiler,Barcelona,89.0,711199.0,2006-08-21,Carmen
2327,2006-04-11,Local,Alquiler,Barcelona,130.0,1276600.0,2007-01-04,María
2333,2006-04-13,Industrial,Venta,Barcelona,288.0,1781568.0,2006-09-24,María
2335,2006-04-14,Industrial,Alquiler,Barcelona,189.0,1192401.0,2007-03-20,Carmen
2336,2006-04-14,Local,Venta,Barcelona,193.0,1826938.0,2006-09-12,Pedro
2344,2006-04-20,Oficina,Alquiler,Barcelona,89.0,673552.0,2007-01-21,Luisa
2352,2006-04-22,Oficina,Venta,Barcelona,160.0,745600.0,2007-01-06,Joaquín
2354,2006-04-22,Casa,Venta,Barcelona,289.0,1504823.0,2006-10-31,Luisa
2360,2006-04-26,Local,Venta,Barcelona,218.0,2136182.0,2007-01-14,Luisa
2372,2006-04-30,Piso,Venta,Barcelona,200.0,1996000.0,2006-08-05,Joaquín
2377,2006-05-02,Local,Venta,Barcelona,292.0,1538256.0,2007-05-01,Jesús
2378,2006-05-02,Piso,Venta,Barcelona,233.0,1220454.0,2007-04-18,Carmen
2381,2006-05-03,Casa,Venta,Barcelona,148.0,749472.0,2006-10-26,María
2384,2006-05-03,Industrial,Alquiler,Barcelona,188.0,1769644.0,2007-02-23,Carmen
2390,2006-05-08,Casa,Alquiler,Barcelona,257.0,1591344.0,2007-01-19,Luisa
2395,2006-05-11,Local,Venta,Barcelona,170.0,1602930.0,2006-11-05,Joaquín
2396,2006-05-12,Parking,Alquiler,Barcelona,236.0,2001280.0,2007-03-04,Jesús
2404,2006-05-14,Parking,Alquiler,Barcelona,210.0,1371720.0,2007-03-26,Pedro
2406,2006-05-14,Local,Venta,Barcelona,139.0,560170.0,2006-08-27,Jesús
2423,2006-05-20,Oficina,Alquiler,Barcelona,225.0,1752975.0,2006-09-22,Jesús
2424,2006-05-20,Suelo,Venta,Barcelona,285.0,2603190.0,2006-11-15,Joaquín
2426,2006-05-21,Parking,Venta,Barcelona,213.0,928041.0,2006-12-10,Luisa
2431,2006-05-22,Local,Alquiler,Barcelona,232.0,1699168.0,2006-08-27,Carmen
2438,2006-05-26,Piso,Alquiler,Barcelona,43.0,379905.0,2006-12-26,Jesús
2440,2006-05-27,Piso,Alquiler,Barcelona,207.0,1381104.0,2007-04-30,María
2448,2006-05-29,Suelo,Venta,Barcelona,228.0,2203620.0,2007-03-29,Joaquín
2450,2006-05-30,Oficina,Venta,Barcelona,65.0,458640.0,2006-11-26,Joaquín
2455,2006-05-31,Casa,Venta,Barcelona,156.0,916500.0,2006-09-11,Joaquín
2459,2006-06-02,Casa,Alquiler,Barcelona,209.0,2017268.0,2007-01-26,Luisa
2467,2006-06-04,Piso,Venta,Barcelona,57.0,360696.0,2007-02-05,Pedro
2468,2006-06-04,Casa,Venta,Barcelona,260.0,1616680.0,2007-04-25,Carmen
2472,2006-06-05,Parking,Alquiler,Barcelona,173.0,1251828.0,2007-03-04,Joaquín
2481,2006-06-06,Industrial,Venta,Barcelona,215.0,984915.0,2006-12-07,María
2495,2006-06-11,Piso,Venta,Barcelona,149.0,701492.0,2006-11-02,Carmen
2497,2006-06-11,Piso,Alquiler,Barcelona,126.0,1102500.0,2006-10-13,Pedro
2499,2006-06-11,Oficina,Venta,Barcelona,165.0,1204005.0,2007-01-23,María
2503,2006-06-13,Local,Venta,Barcelona,245.0,2090340.0,,
2509,2006-06-16,Suelo,Venta,Barcelona,146.0,954986.0,2007-04-23,María
2512,2006-06-17,Casa,Venta,Barcelona,180.0,887940.0,2006-10-12,Jesús
2522,2006-06-21,Casa,Alquiler,Barcelona,241.0,1327669.0,2007-03-10,Jesús
2527,2006-06-24,Suelo,Alquiler,Barcelona,177.0,718266.0,2007-03-20,Joaquín
2528,2006-06-24,Suelo,Alquiler,Barcelona,281.0,1521615.0,2007-04-19,Carmen
2529,2006-06-24,Parking,Alquiler,Barcelona,113.0,797215.0,2006-12-03,María
2543,2006-07-01,Industrial,Alquiler,Barcelona,160.0,774400.0,2007-02-07,Joaquín
2549,2006-07-02,Parking,Alquiler,Barcelona,163.0,1298947.0,2006-12-23,María
2553,2006-07-04,Industrial,Alquiler,Barcelona,275.0,2415325.0,2006-12-17,Carmen
2554,2006-07-04,Casa,Venta,Barcelona,267.0,2091144.0,2006-12-24,Luisa
2555,2006-07-04,Oficina,Venta,Barcelona,250.0,1298500.0,2006-11-24,Joaquín
2556,2006-07-05,Parking,Alquiler,Barcelona,283.0,1470185.0,2006-12-18,Jesús
2557,2006-07-06,Industrial,Alquiler,Barcelona,212.0,1758964.0,2007-03-24,Luisa
2562,2006-07-08,Piso,Alquiler,Barcelona,245.0,1284045.0,2007-05-07,Joaquín
2564,2006-07-08,Local,Alquiler,Barcelona,155.0,845370.0,2007-04-13,Joaquín
2565,2006-07-09,Oficina,Venta,Barcelona,81.0,654885.0,2006-11-13,Pedro
2566,2006-07-09,Suelo,Venta,Barcelona,157.0,914839.0,2006-10-21,Jesús
2569,2006-07-10,Parking,Venta,Barcelona,93.0,512430.0,2007-04-28,Carmen
2573,2006-07-11,Parking,Venta,Barcelona,256.0,2470912.0,,
2575,2006-07-13,Suelo,Venta,Barcelona,167.0,888941.0,2007-04-19,Luisa
2582,2006-07-17,Suelo,Alquiler,Barcelona,155.0,950615.0,2006-11-15,María
2583,2006-07-17,Suelo,Alquiler,Barcelona,234.0,1016964.0,2007-03-18,Luisa
2586,2006-07-18,Casa,Venta,Barcelona,229.0,1634373.0,2006-12-19,Jesús
2587,2006-07-18,Industrial,Venta,Barcelona,193.0,1559054.0,,
2588,2006-07-18,Industrial,Alquiler,Barcelona,132.0,949344.0,,
2595,2006-07-21,Oficina,Venta,Barcelona,258.0,1700994.0,2006-10-23,Jesús
2597,2006-07-21,Oficina,Alquiler,Barcelona,91.0,659022.0,2007-02-26,Pedro
2599,2006-07-22,Parking,Venta,Barcelona,64.0,485824.0,2007-02-24,María
2603,2006-07-24,Oficina,Venta,Barcelona,112.0,670208.0,2007-02-25,María
2609,2006-07-27,Oficina,Venta,Barcelona,143.0,1365936.0,2007-03-13,María
2612,2006-07-28,Casa,Venta,Barcelona,294.0,2618364.0,,
2614,2006-07-28,Casa,Alquiler,Barcelona,239.0,2199995.0,2007-03-04,Jesús
2616,2006-07-29,Suelo,Alquiler,Barcelona,117.0,610740.0,2007-04-06,María
2618,2006-07-30,Local,Alquiler,Barcelona,93.0,867783.0,2006-12-30,María
2635,2006-08-07,Parking,Alquiler,Barcelona,169.0,1673607.0,2007-01-07,Luisa
2643,2006-08-09,Industrial,Venta,Barcelona,282.0,2205240.0,,
2646,2006-08-11,Industrial,Alquiler,Barcelona,270.0,1705320.0,2007-03-26,Luisa
2647,2006-08-11,Local,Alquiler,Barcelona,220.0,1772540.0,2006-12-25,Pedro
2650,2006-08-12,Industrial,Alquiler,Barcelona,126.0,1199394.0,,
2652,2006-08-13,Parking,Venta,Barcelona,110.0,643060.0,2006-12-24,Carmen
2655,2006-08-13,Oficina,Alquiler,Barcelona,86.0,733236.0,2006-12-15,Jesús
2656,2006-08-14,Oficina,Alquiler,Barcelona,192.0,1622400.0,2006-11-16,Carmen
2665,2006-08-21,Oficina,Venta,Barcelona,258.0,2539236.0,2007-01-11,Joaquín
2669,2006-08-22,Suelo,Alquiler,Barcelona,215.0,1694630.0,,
2671,2006-08-22,Local,Venta,Barcelona,128.0,996096.0,2007-04-27,Luisa
2672,2006-08-22,Parking,Alquiler,Barcelona,40.0,380280.0,2007-03-29,Jesús
2673,2006-08-23,Casa,Venta,Barcelona,173.0,760854.0,2007-03-13,Jesús
2674,2006-08-23,Piso,Venta,Barcelona,41.0,219145.0,2006-12-21,Carmen
2680,2006-08-26,Parking,Alquiler,Barcelona,61.0,531493.0,2007-01-03,Jesús
2682,2006-08-26,Parking,Alquiler,Barcelona,59.0,307744.0,2007-04-28,María
2683,2006-08-27,Suelo,Alquiler,Barcelona,67.0,506252.0,,
2686,2006-08-28,Piso,Alquiler,Barcelona,146.0,1287428.0,,
2689,2006-08-29,Local,Venta,Barcelona,272.0,2399312.0,2006-12-28,Luisa
2696,2006-08-31,Oficina,Venta,Barcelona,298.0,2977318.0,,
2697,2006-09-01,Local,Alquiler,Barcelona,43.0,403770.0,2007-02-28,Jesús
2702,2006-09-04,Casa,Venta,Barcelona,289.0,2534241.0,2007-01-28,María
2703,2006-09-04,Casa,Alquiler,Barcelona,221.0,1556282.0,,
2721,2006-09-10,Parking,Venta,Barcelona,251.0,2180939.0,,
2729,2006-09-13,Parking,Venta,Barcelona,68.0,583236.0,,
2730,2006-09-13,Piso,Venta,Barcelona,294.0,2885316.0,2007-02-13,María
2736,2006-09-16,Oficina,Alquiler,Barcelona,72.0,604440.0,,
2740,2006-09-19,Industrial,Venta,Barcelona,144.0,672192.0,2007-02-15,María
2744,2006-09-19,Oficina,Venta,Barcelona,164.0,1040252.0,2007-01-02,Carmen
2745,2006-09-20,Suelo,Venta,Barcelona,131.0,1134984.0,,
2750,2006-09-21,Industrial,Alquiler,Barcelona,279.0,1262196.0,2007-04-24,Jesús
2753,2006-09-23,Piso,Venta,Barcelona,254.0,2001266.0,2007-02-10,Luisa
2759,2006-09-25,Piso,Alquiler,Barcelona,110.0,641080.0,2007-01-31,Carmen
2766,2006-09-29,Industrial,Venta,Barcelona,216.0,1734264.0,2007-05-06,Pedro
2767,2006-09-29,Casa,Venta,Barcelona,258.0,1536906.0,,
2772,2006-10-02,Piso,Venta,Barcelona,292.0,1536212.0,,
2774,2006-10-03,Local,Venta,Barcelona,192.0,1484544.0,,
2781,2006-10-05,Industrial,Venta,Barcelona,182.0,896532.0,,
2783,2006-10-06,Oficina,Venta,Barcelona,272.0,2008176.0,,
2787,2006-10-08,Piso,Alquiler,Barcelona,59.0,552476.0,,
2790,2006-10-08,Piso,Venta,Barcelona,99.0,914463.0,2007-01-22,Jesús
2795,2006-10-09,Local,Alquiler,Barcelona,191.0,1345213.0,,
2798,2006-10-11,Oficina,Alquiler,Barcelona,178.0,1319336.0,,
2799,2006-10-11,Casa,Venta,Barcelona,212.0,2108128.0,,
2806,2006-10-14,Piso,Venta,Barcelona,133.0,1066527.0,2007-04-30,Luisa
2812,2006-10-17,Industrial,Venta,Barcelona,292.0,1905300.0,2007-03-12,Carmen
2813,2006-10-17,Casa,Alquiler,Barcelona,128.0,544896.0,,
2815,2006-10-18,Industrial,Alquiler,Barcelona,92.0,538568.0,,
2825,2006-10-23,Industrial,Alquiler,Barcelona,242.0,1250172.0,2007-03-08,María
2838,2006-10-26,Local,Venta,Barcelona,53.0,506256.0,,
2840,2006-10-29,Industrial,Alquiler,Barcelona,172.0,1167020.0,2007-03-28,Pedro
2849,2006-10-31,Parking,Venta,Barcelona,285.0,1638750.0,2007-05-04,Carmen
2856,2006-11-03,Suelo,Alquiler,Barcelona,283.0,2569923.0,2007-03-28,Pedro
2860,2006-11-03,Suelo,Alquiler,Barcelona,76.0,354084.0,,
2868,2006-11-05,Industrial,Alquiler,Barcelona,75.0,480600.0,,
2869,2006-11-05,Casa,Alquiler,Barcelona,212.0,1357648.0,2007-04-25,Luisa
2872,2006-11-07,Industrial,Venta,Barcelona,136.0,1262624.0,2007-03-27,Carmen
2876,2006-11-08,Local,Alquiler,Barcelona,174.0,799356.0,,
2882,2006-11-09,Casa,Venta,Barcelona,70.0,407610.0,,
2887,2006-11-11,Local,Alquiler,Barcelona,239.0,1197390.0,,
2889,2006-11-12,Industrial,Venta,Barcelona,72.0,449064.0,,
2891,2006-11-13,Industrial,Venta,Barcelona,262.0,2517034.0,,
2902,2006-11-19,Piso,Venta,Barcelona,199.0,1370911.0,,
2912,2006-11-24,Parking,Venta,Barcelona,131.0,1008176.0,,
2914,2006-11-24,Parking,Venta,Barcelona,185.0,1635030.0,,
2917,2006-11-27,Casa,Alquiler,Barcelona,141.0,1045233.0,,
2924,2006-11-28,Casa,Venta,Barcelona,49.0,367206.0,2007-04-03,Jesús
2930,2006-11-29,Local,Venta,Barcelona,230.0,1847590.0,,
2933,2006-11-30,Casa,Venta,Barcelona,261.0,1752093.0,,
2935,2006-11-30,Casa,Venta,Barcelona,219.0,883446.0,,
2938,2006-12-02,Parking,Venta,Barcelona,187.0,1274218.0,,
2939,2006-12-02,Local,Venta,Barcelona,94.0,789976.0,2007-03-08,María
2940,2006-12-03,Piso,Venta,Barcelona,274.0,2474220.0,,
2942,2006-12-04,Piso,Venta,Barcelona,261.0,2198403.0,2007-03-09,Joaquín
2946,2006-12-06,Suelo,Venta,Barcelona,186.0,1367100.0,,
2953,2006-12-08,Local,Venta,Barcelona,185.0,1255595.0,,
2964,2006-12-11,Local,Venta,Barcelona,128.0,752896.0,,
2965,2006-12-12,Parking,Alquiler,Barcelona,147.0,679140.0,,
2966,2006-12-12,Casa,Venta,Barcelona,43.0,305128.0,,
2969,2006-12-14,Local,Alquiler,Barcelona,200.0,1385200.0,2007-03-31,Joaquín
2970,2006-12-14,Industrial,Alquiler,Barcelona,291.0,2797092.0,,
2972,2006-12-15,Casa,Venta,Barcelona,134.0,1295914.0,,
2979,2006-12-17,Casa,Alquiler,Barcelona,200.0,1957200.0,,
2980,2006-12-17,Piso,Alquiler,Barcelona,182.0,1421056.0,2007-04-04,María
2981,2006-12-17,Oficina,Alquiler,Barcelona,72.0,339192.0,,
2984,2006-12-19,Parking,Venta,Barcelona,200.0,1407200.0,,
2985,2006-12-19,Casa,Venta,Barcelona,281.0,2244066.0,2007-03-26,Joaquín
2989,2006-12-20,Suelo,Venta,Barcelona,48.0,247584.0,2007-04-08,Joaquín
2990,2006-12-21,Parking,Venta,Barcelona,139.0,562394.0,,
2992,2006-12-22,Casa,Alquiler,Barcelona,100.0,835600.0,,
2994,2006-12-23,Parking,Venta,Barcelona,237.0,1997436.0,,
2998,2006-12-24,Suelo,Venta,Barcelona,263.0,1403631.0,,
3012,2006-12-29,Oficina,Venta,Barcelona,257.0,1245165.0,,
3016,2006-12-30,Casa,Alquiler,Barcelona,264.0,1060488.0,2007-04-28,Joaquín
3021,2007-01-01,Parking,Alquiler,Barcelona,106.0,906830.0,,
3036,2007-01-09,Oficina,Venta,Barcelona,196.0,1022140.0,,
3038,2007-01-09,Suelo,Alquiler,Barcelona,185.0,1156990.0,,
3041,2007-01-09,Parking,Venta,Barcelona,64.0,610816.0,,
3044,2007-01-10,Piso,Alquiler,Barcelona,222.0,1296258.0,,
3045,2007-01-10,Parking,Venta,Barcelona,233.0,1077858.0,2007-04-30,María
3046,2007-01-10,Oficina,Alquiler,Barcelona,196.0,1880032.0,,
3049,2007-01-11,Oficina,Venta,Barcelona,100.0,440500.0,,
3050,2007-01-11,Casa,Venta,Barcelona,259.0,1369333.0,,
3055,2007-01-13,Piso,Alquiler,Barcelona,70.0,511700.0,,
3056,2007-01-13,Suelo,Venta,Barcelona,217.0,1578675.0,,
3059,2007-01-14,Suelo,Alquiler,Barcelona,289.0,2427311.0,,
3062,2007-01-15,Parking,Alquiler,Barcelona,71.0,537825.0,,
3063,2007-01-15,Piso,Venta,Barcelona,120.0,761520.0,,
3066,2007-01-16,Piso,Venta,Barcelona,256.0,1856000.0,,
3067,2007-01-17,Casa,Alquiler,Barcelona,196.0,814380.0,,
3073,2007-01-20,Oficina,Alquiler,Barcelona,123.0,885969.0,,
3077,2007-01-20,Industrial,Venta,Barcelona,239.0,1517889.0,,
3081,2007-01-21,Parking,Alquiler,Barcelona,268.0,1420132.0,,
3084,2007-01-23,Local,Alquiler,Barcelona,108.0,784080.0,,
3091,2007-01-26,Parking,Alquiler,Barcelona,189.0,1788885.0,,
3097,2007-01-29,Industrial,Alquiler,Barcelona,79.0,381254.0,,
3098,2007-01-29,Oficina,Alquiler,Barcelona,296.0,2563064.0,,
3099,2007-01-29,Parking,Venta,Barcelona,230.0,1445090.0,,
3102,2007-01-31,Suelo,Venta,Barcelona,101.0,921827.0,,
3110,2007-02-02,Oficina,Venta,Barcelona,102.0,860676.0,,
3111,2007-02-02,Suelo,Venta,Barcelona,124.0,684356.0,,
3112,2007-02-03,Piso,Alquiler,Barcelona,112.0,1005648.0,,
3113,2007-02-03,Casa,Alquiler,Barcelona,158.0,1045486.0,,
3118,2007-02-06,Industrial,Venta,Barcelona,113.0,952929.0,,
3121,2007-02-06,Industrial,Venta,Barcelona,105.0,496020.0,,
3124,2007-02-10,Piso,Venta,Barcelona,119.0,688058.0,,
3131,2007-02-11,Parking,Venta,Barcelona,54.0,521910.0,,
3132,2007-02-12,Suelo,Alquiler,Barcelona,59.0,519023.0,,
3135,2007-02-12,Local,Venta,Barcelona,82.0,417626.0,,
3151,2007-02-19,Casa,Venta,Barcelona,61.0,260775.0,,
3153,2007-02-20,Casa,Venta,Barcelona,281.0,1527516.0,,
3156,2007-02-22,Local,Alquiler,Barcelona,95.0,435670.0,,
3157,2007-02-22,Local,Venta,Barcelona,267.0,1127274.0,,
3161,2007-02-23,Industrial,Venta,Barcelona,261.0,2186658.0,,
3165,2007-02-24,Suelo,Venta,Barcelona,87.0,348696.0,,
3172,2007-02-27,Suelo,Venta,Barcelona,279.0,1395837.0,,
3183,2007-03-03,Piso,Alquiler,Barcelona,266.0,2233602.0,,
3184,2007-03-03,Industrial,Venta,Barcelona,251.0,1913624.0,,
3189,2007-03-05,Parking,Venta,Barcelona,213.0,1324008.0,,
3191,2007-03-05,Piso,Venta,Barcelona,280.0,2439640.0,,
3193,2007-03-07,Parking,Alquiler,Barcelona,62.0,397606.0,,
3201,2007-03-09,Oficina,Venta,Barcelona,298.0,1360966.0,,
3212,2007-03-14,Casa,Alquiler,Barcelona,53.0,503871.0,,
3218,2007-03-15,Oficina,Alquiler,Barcelona,95.0,905920.0,,
3229,2007-03-17,Suelo,Alquiler,Barcelona,88.0,476784.0,,
3230,2007-03-18,Oficina,Alquiler,Barcelona,106.0,520672.0,,
3232,2007-03-19,Oficina,Venta,Barcelona,110.0,713680.0,,
3238,2007-03-20,Local,Venta,Barcelona,159.0,1056714.0,,
3241,2007-03-21,Suelo,Alquiler,Barcelona,60.0,586920.0,,
3244,2007-03-22,Industrial,Alquiler,Barcelona,283.0,1800729.0,,
3245,2007-03-23,Parking,Venta,Barcelona,144.0,1035648.0,,
3246,2007-03-23,Oficina,Venta,Barcelona,95.0,940310.0,,
3247,2007-03-23,Piso,Venta,Barcelona,135.0,1298025.0,,
3257,2007-03-27,Local,Venta,Barcelona,182.0,777868.0,,
3262,2007-03-29,Casa,Alquiler,Barcelona,197.0,1630569.0,,
3266,2007-03-31,Casa,Venta,Barcelona,199.0,1682346.0,,
3267,2007-04-01,Industrial,Alquiler,Barcelona,300.0,2908500.0,,
3274,2007-04-03,Casa,Venta,Barcelona,42.0,417564.0,,
3277,2007-04-05,Oficina,Alquiler,Barcelona,146.0,725474.0,,
3281,2007-04-06,Parking,Alquiler,Barcelona,220.0,1296900.0,,
3285,2007-04-07,Suelo,Alquiler,Barcelona,257.0,2490587.0,,
3287,2007-04-09,Local,Alquiler,Barcelona,293.0,2065357.0,,
3295,2007-04-11,Industrial,Venta,Barcelona,89.0,414829.0,,
3302,2007-04-12,Local,Alquiler,Barcelona,229.0,916229.0,,
3313,2007-04-18,Casa,Venta,Barcelona,284.0,1808512.0,,
3315,2007-04-19,Oficina,Alquiler,Barcelona,146.0,1063902.0,,
3320,2007-04-23,Parking,Alquiler,Barcelona,81.0,607014.0,,
3321,2007-04-23,Local,Venta,Barcelona,44.0,180048.0,,
3322,2007-04-23,Piso,Venta,Barcelona,283.0,2686236.0,,
3323,2007-04-24,Oficina,Venta,Barcelona,136.0,807432.0,,
3325,2007-04-25,Industrial,Alquiler,Barcelona,296.0,2078216.0,,
3326,2007-04-25,Suelo,Alquiler,Barcelona,161.0,999005.0,,
3328,2007-04-26,Piso,Venta,Barcelona,264.0,2517504.0,,
3329,2007-04-27,Parking,Venta,Barcelona,88.0,612568.0,,
3335,2007-04-30,Piso,Alquiler,Barcelona,88.0,397408.0,,
